curso,periodo,idade,cidade,renda_total,trabalha_atualmente,recebe_auxilio_da_insti,ja_pensou_em_desistir,motivo_de_desistencia,motivo_agrupado,risco_evasao,Perfil_IA
computacao,1,31 a 40 anos,Jardim,entre 1 e 2 salarios minimos,"sim, em periodo integral",ja solicitei e aguardo reposta,"sim, algumas vezes",falta de apoio da familia e dificuldade em conciliar trabalho e estudos,Dificuldade em conciliar trabalho e estudos,1,2
computacao,1,mais de 40 anos,Jardim,ate 1 salario minimo,"sim, em periodo integral",nao,nao nunca,,,0,2
computacao,1,15 a 18 anos,Jardim,nao informado,nao,nao,nao nunca,,,0,2
computacao,1,15 a 18 anos,Guia Lopes,mais de 6 salarios minimos,"sim, em periodo integral",nao,nao nunca,,,0,2
computacao,1,15 a 18 anos,Jardim,entre 1 e 2 salarios minimos,"nao, mas estou procurando",nao,nao nunca,,,0,1
computacao,1,19 a 24 anos,Jardim,entre 4 e 6 salarios minimos,nao,nao,"sim, algumas vezes",problemas de saude,problemas de saude,1,2
computacao,7,19 a 24 anos,Guia Lopes,entre 4 e 6 salarios minimos,"sim, em periodo integral",nao,nao nunca,,,0,2
computacao,1,19 a 24 anos,Bela Vista,nao informado,"nao, mas estou procurando",nao,nao nunca,,,0,2
computacao,1,15 a 18 anos,Bela Vista,nao informado,"sim, em periodo integral",nao,"sim, algumas vezes",dificulade de aprendizado,Dificuldade de aprendizado,1,2
computacao,1,15 a 18 anos,Bela Vista,entre 1 e 2 salarios minimos,"sim, em meio periodo",nao,"sim, algumas vezes",dificuldade de conciliar trabalho e estudos,Dificuldade em conciliar trabalho e estudos,1,2
computacao,1,19 a 24 anos,Jardim,nao informado,"nao, mas estou procurando",ja solicitei e aguardo reposta,nao nunca,,,0,2
computacao,3,31 a 40 anos,Jardim,nao informado,"nao, mas estou procurando",sim,"sim, algumas vezes",dificulade de aprendizado,Dificuldade de aprendizado,1,2
computacao,1,19 a 24 anos,Bela Vista,entre 4 e 6 salarios minimos,"sim, em periodo integral",nao,"sim, algumas vezes",dificulade de aprendizado,Dificuldade de aprendizado,1,2
computacao,1,15 a 18 anos,Jardim,nao informado,nao,nao,nao nunca,,,0,2
computacao,1,25 a 30 anos,Jardim,entre 1 e 2 salarios minimos,"sim, em periodo integral",nao,nao nunca,,,0,2
computacao,1,19 a 24 anos,Jardim,entre 2 e 4 salarios minimos,nao,nao,nao nunca,,,0,2
computacao,1,19 a 24 anos,Jardim,nao informado,"sim, em periodo integral",nao,nao nunca,,,0,2
computacao,1,15 a 18 anos,Guia Lopes,nao informado,"nao, mas estou procurando",nao,"sim, algumas vezes",dificulades financeiras,Dificuldades financeiras,1,2
computacao,1,15 a 18 anos,Jardim,nao informado,nao,nao,"sim, algumas vezes",dificuldades de conciliar trabalho e estudos,Dificuldade em conciliar trabalho e estudos,1,2
computacao,1,15 a 18 anos,Jardim,entre 2 e 4 salarios minimos,"nao, mas estou procurando",nao,nao nunca,,,0,1
computacao,1,15 a 18 anos,Bonito,mais de 6 salarios minimos,nao,nao,nao nunca,,,0,2
computacao,1,15 a 18 anos,Jardim,entre 1 e 2 salarios minimos,nao,nao,nao nunca,,,0,1
computacao,1,19 a 24 anos,Dourados,entre 4 e 6 salarios minimos,"sim, em meio periodo",nao,"sim, varias vezes",distancia,distancia,1,2
computacao,1,mais de 40 anos,Jardim,ate 1 salario minimo,"sim, em meio periodo",ja solicitei e aguardo reposta,"sim, algumas vezes",falta de apoio da familia,falta de apoio da familia,1,2
computacao,1,15 a 18 anos,Guia Lopes,entre 2 e 4 salarios minimos,"nao, mas estou procurando",nao,nao nunca,,,0,2
computacao,5,25 a 30 anos,Nioaque,entre 1 e 2 salarios minimos,"sim, em meio periodo",sim,"sim, algumas vezes",recebi uma proposta de emprego,recebi uma proposta de emprego,1,0
computacao,5,19 a 24 anos,Jardim,entre 2 e 4 salarios minimos,nao,nao,nao nunca,,,0,2
computacao,5,19 a 24 anos,Jardim,ate 1 salario minimo,"sim, em periodo integral",ja solicitei e aguardo reposta,"sim, algumas vezes",dificuldades financeiras,Dificuldades financeiras,1,2
computacao,5,19 a 24 anos,Jardim,entre 2 e 4 salarios minimos,"sim, em periodo integral",nao,"sim, algumas vezes",serviço militar,serviço militar,1,2
computacao,5,19 a 24 anos,Jardim,nao informado,"nao, mas estou procurando",ja solicitei e aguardo reposta,"sim, algumas vezes",problemas de saude,problemas de saude,1,2
computacao,5,19 a 24 anos,Jardim,mais de 6 salarios minimos,"sim, em periodo integral",nao,nao nunca,,,0,2
computacao,7,19 a 24 anos,Bela Vista,ate 1 salario minimo,nao,nao,nao nunca,,,0,2
computacao,3,31 a 40 anos,Guia Lopes,entre 1 e 2 salarios minimos,"nao, mas estou procurando",ja solicitei e aguardo reposta,nao nunca,,,0,2
computacao,7,mais de 40 anos,Bela Vista,entre 4 e 6 salarios minimos,"sim, em periodo integral",nao,"sim, algumas vezes","problemas com a instituiçao, no caso o estagio obrigatorio","problemas com a instituiçao, no caso o estagio obrigatorio",1,2
computacao,3,31 a 40 anos,Jardim,ate 1 salario minimo,"sim, em periodo integral",ja solicitei e aguardo reposta,"sim, varias vezes",falta de apoio da familia,falta de apoio da familia,1,2
computacao,3,19 a 24 anos,Jardim,entre 4 e 6 salarios minimos,"sim, em periodo integral",nao,"sim, varias vezes",dificuldades de conciliar trabalho eestudos,Dificuldade em conciliar trabalho e estudos,1,2
arquitetura,1,15 a 18 anos,Jardim,entre 1 e 2 salarios minimos,"nao, mas estou procurando",nao,nao nunca,,,0,1
arquitetura,1,31 a 40 anos,Jardim,entre 1 e 2 salarios minimos,nao,nao,nao nunca,,,0,1
arquitetura,1,15 a 18 anos,Jardim,ate 1 salario minimo,nao,nao,nao nunca,,,0,1
arquitetura,1,19 a 24 anos,Jardim,entre 2 e 4 salarios minimos,"sim, em meio periodo",nao,"sim, algumas vezes",dificuldade de conciliar trabalho e estudos,Dificuldade em conciliar trabalho e estudos,1,1
arquitetura,1,15 a 18 anos,Jardim,mais de 6 salarios minimos,"nao, mas estou procurando",nao,"sim, algumas vezes",dificuldade de transporte para o campus,Problemas com transporte,1,1
computacao,3,25 a 30 anos,Jardim,entre 4 e 6 salarios minimos,"sim, em periodo integral",nao,"sim, algumas vezes",dificulades financeiras,Dificuldades financeiras,1,2
computacao,3,31 a 40 anos,Guia Lopes,entre 1 e 2 salarios minimos,"sim, em periodo integral",nao,nao nunca,,,0,2
computacao,3,31 a 40 anos,Jardim,mais de 6 salarios minimos,"sim, em periodo integral",nao,"sim, varias vezes","falta de transporte, horario das aulas",Problemas com transporte,1,2
computacao,7,25 a 30 anos,Jardim,entre 2 e 4 salarios minimos,"sim, em periodo integral",nao,"sim, algumas vezes",problemas de saude,problemas de saude,1,2
computacao,7,25 a 30 anos,Jardim,entre 2 e 4 salarios minimos,"sim, em periodo integral",nao,"sim, algumas vezes",problemas de saude,problemas de saude,1,2
computacao,3,mais de 40 anos,Jardim,entre 4 e 6 salarios minimos,"sim, em periodo integral",nao,"sim, algumas vezes",dificuldade de conciliar trabalho e estudos,Dificuldade em conciliar trabalho e estudos,1,2
informatica,5,15 a 18 anos,Jardim,entre 2 e 4 salarios minimos,nao,nao,nao nunca,,,0,1
informatica,5,15 a 18 anos,Nioaque,entre 2 e 4 salarios minimos,"sim, em meio periodo",sim,"sim, algumas vezes",logistica de transporte,Problemas com transporte,1,0
informatica,5,15 a 18 anos,Jardim,entre 2 e 4 salarios minimos,"sim, em meio periodo",nao,"sim, algumas vezes",problemas de saude,problemas de saude,1,1
informatica,5,15 a 18 anos,Jardim,entre 2 e 4 salarios minimos,nao,sim,nao nunca,,,0,0
informatica,5,15 a 18 anos,Jardim,entre 1 e 2 salarios minimos,"sim, em meio periodo",nao,"sim, algumas vezes",dificuldade de aprendizado,Dificuldade de aprendizado,1,1
informatica,5,15 a 18 anos,Jardim,entre 2 e 4 salarios minimos,"nao, mas estou procurando",nao,"sim, varias vezes",dificuldade de aprendizado,Dificuldade de aprendizado,1,1
informatica,5,15 a 18 anos,Jardim,nao informado,"nao, mas estou procurando",sim,"sim, algumas vezes",dificuldade de conciliar trabalho e estudos,Dificuldade em conciliar trabalho e estudos,1,0
informatica,5,15 a 18 anos,Jardim,nao informado,nao,ja solicitei e aguardo reposta,nao nunca,,,0,1
informatica,5,15 a 18 anos,Jardim,nao informado,nao,sim,"sim, algumas vezes",dificuldade de aprendizado,Dificuldade de aprendizado,1,0
informatica,5,15 a 18 anos,Jardim,entre 2 e 4 salarios minimos,nao,nao,"sim, varias vezes",problemas de relacionamento com os colegas,Problemas de relacionamento com colegas,1,1
informatica,5,15 a 18 anos,Guia Lopes,mais de 6 salarios minimos,nao,nao,"sim, algumas vezes",dificuldade de aprendizado,Dificuldade de aprendizado,1,0
informatica,5,15 a 18 anos,Jardim,entre 1 e 2 salarios minimos,nao,sim,"sim, algumas vezes",dificuldade de aprendizado,Dificuldade de aprendizado,1,0
informatica,5,15 a 18 anos,Jardim,entre 1 e 2 salarios minimos,nao,nao,nao nunca,,,0,1
informatica,5,15 a 18 anos,Jardim,entre 2 e 4 salarios minimos,"sim, em meio periodo",nao,"sim, varias vezes",problemas de saude,problemas de saude,1,1
informatica,5,15 a 18 anos,Jardim,entre 2 e 4 salarios minimos,nao,nao,nao nunca,,,0,1
informatica,5,15 a 18 anos,Jardim,nao informado,nao,nao,nao nunca,,,0,1
informatica,5,15 a 18 anos,Jardim,mais de 6 salarios minimos,nao,nao,nao nunca,,,0,1
informatica,5,15 a 18 anos,Jardim,nao informado,nao,nao,"sim, varias vezes",problemas de saude,problemas de saude,1,1
informatica,5,15 a 18 anos,Jardim,entre 4 e 6 salarios minimos,nao,nao,nao nunca,,,0,1
informatica,5,15 a 18 anos,Jardim,entre 4 e 6 salarios minimos,nao,nao,nao nunca,,,0,1
arquitetura,1,15 a 18 anos,Jardim,entre 4 e 6 salarios minimos,"sim, em meio periodo",nao,nao nunca,,,0,1
informatica,5,15 a 18 anos,Jardim,entre 4 e 6 salarios minimos,nao,sim,nao nunca,,,0,0
informatica,5,15 a 18 anos,Jardim,ate 1 salario minimo,nao,nao,nao nunca,,,0,1
informatica,5,15 a 18 anos,Jardim,entre 1 e 2 salarios minimos,nao,nao,nao nunca,,,0,1
informatica,5,15 a 18 anos,Jardim,mais de 6 salarios minimos,nao,nao,nao nunca,,,0,1
informatica,5,15 a 18 anos,Guia Lopes,entre 2 e 4 salarios minimos,"sim, em meio periodo",sim,nao nunca,,,0,0
informatica,5,15 a 18 anos,Jardim,entre 1 e 2 salarios minimos,nao,ja solicitei e aguardo reposta,nao nunca,,,0,1
informatica,5,15 a 18 anos,Guia Lopes,entre 1 e 2 salarios minimos,"sim, em meio periodo",ja solicitei e aguardo reposta,"sim, algumas vezes",decepçao com a qualidade do curso,decepçao com a qualidade do curso,1,0
informatica,5,15 a 18 anos,Nioaque,mais de 6 salarios minimos,"sim, em meio periodo",nao,nao nunca,,,0,0
edificacoes,1,menos de 15 anos,Jardim,ate 1 salario minimo,"nao, mas estou procurando",nao,nao nunca,,,0,1
edificacoes,1,menos de 15 anos,Jardim,entre 1 e 2 salarios minimos,nao,nao,"sim, algumas vezes",problemas de saude,problemas de saude,1,1
edificacoes,1,menos de 15 anos,Jardim,entre 1 e 2 salarios minimos,nao,ja solicitei e aguardo reposta,"sim, algumas vezes",dificuldade de aprendizado,Dificuldade de aprendizado,1,1
edificacoes,1,15 a 18 anos,Jardim,entre 2 e 4 salarios minimos,nao,nao,nao nunca,,,0,1
edificacoes,1,15 a 18 anos,Jardim,nao informado,nao,nao,nao nunca,,,0,1
edificacoes,1,15 a 18 anos,Jardim,ate 1 salario minimo,"nao, mas estou procurando",ja solicitei e aguardo reposta,"sim, algumas vezes","dificuldade de aprendizado, falta de apoio da fmilia",Dificuldade de aprendizado,1,1
edificacoes,1,15 a 18 anos,Jardim,entre 4 e 6 salarios minimos,"sim, em meio periodo",nao,nao nunca,,,0,1
edificacoes,1,15 a 18 anos,Jardim,entre 2 e 4 salarios minimos,"sim, em meio periodo",ja solicitei e aguardo reposta,nao nunca,,,0,1
edificacoes,1,15 a 18 anos,Guia Lopes,entre 2 e 4 salarios minimos,nao,ja solicitei e aguardo reposta,nao nunca,,,0,1
edificacoes,1,menos de 15 anos,Jardim,ate 1 salario minimo,"nao, mas estou procurando",ja solicitei e aguardo reposta,"sim, varias vezes",dificuldade de aprendizado,Dificuldade de aprendizado,1,1
edificacoes,1,menos de 15 anos,Jardim,mais de 6 salarios minimos,nao,nao,nao nunca,,,0,1
edificacoes,1,menos de 15 anos,Jardim,entre 4 e 6 salarios minimos,nao,nao,nao nunca,,,0,1
edificacoes,1,menos de 15 anos,Jardim,entre 4 e 6 salarios minimos,nao,ja solicitei e aguardo reposta,nao nunca,,,0,1
edificacoes,1,15 a 18 anos,Jardim,entre 2 e 4 salarios minimos,nao,nao,"sim, varias vezes",dificuldade de aprendizado,Dificuldade de aprendizado,1,1
edificacoes,1,15 a 18 anos,Jardim,entre 2 e 4 salarios minimos,nao,nao,"sim, algumas vezes",dificuldade de aprendizado,Dificuldade de aprendizado,1,1
edificacoes,1,15 a 18 anos,Guia Lopes,entre 4 e 6 salarios minimos,nao,nao,nao nunca,,,0,1
edificacoes,1,menos de 15 anos,Jardim,entre 1 e 2 salarios minimos,"nao, mas estou procurando",sim,"sim, varias vezes",dificuldade de aprendizado,Dificuldade de aprendizado,1,1
edificacoes,1,menos de 15 anos,Jardim,entre 1 e 2 salarios minimos,nao,ja solicitei e aguardo reposta,nao nunca,,,0,1
edificacoes,1,menos de 15 anos,Jardim,entre 2 e 4 salarios minimos,"nao, mas estou procurando",nao,"sim, algumas vezes",dificuldade de aprendizado,Dificuldade de aprendizado,1,1
informatica,3,15 a 18 anos,Nioaque,entre 4 e 6 salarios minimos,"nao, mas estou procurando",ja solicitei e aguardo reposta,nao nunca,,,0,0
edificacoes,1,menos de 15 anos,Jardim,entre 2 e 4 salarios minimos,nao,nao,"sim, algumas vezes",dificuldades financeiras,Dificuldades financeiras,1,1
edificacoes,1,menos de 15 anos,Jardim,entre 1 e 2 salarios minimos,nao,nao,"sim, algumas vezes",problemas de relacionamento com os professores,problemas de relacionamento com os professores,1,1
edificacoes,1,15 a 18 anos,Jardim,ate 1 salario minimo,"nao, mas estou procurando",ja solicitei e aguardo reposta,nao nunca,,,0,1
edificacoes,1,menos de 15 anos,Jardim,nao informado,nao,nao,"sim, algumas vezes",problemas de saude,problemas de saude,1,1
edificacoes,1,menos de 15 anos,Jardim,entre 4 e 6 salarios minimos,nao,nao,nao nunca,,,0,1
edificacoes,1,15 a 18 anos,Jardim,ate 1 salario minimo,nao,ja solicitei e aguardo reposta,nao nunca,,,0,1
edificacoes,1,menos de 15 anos,Jardim,entre 2 e 4 salarios minimos,nao,nao,nao nunca,,,0,1
edificacoes,1,15 a 18 anos,Jardim,ate 1 salario minimo,"sim, em meio periodo",ja solicitei e aguardo reposta,nao nunca,,,0,1
edificacoes,1,15 a 18 anos,Guia Lopes,ate 1 salario minimo,nao,ja solicitei e aguardo reposta,nao nunca,,,0,1
edificacoes,1,15 a 18 anos,Jardim,entre 2 e 4 salarios minimos,"sim, em meio periodo",nao,nao nunca,,,0,1
edificacoes,1,menos de 15 anos,Guia Lopes,entre 2 e 4 salarios minimos,"nao, mas estou procurando",ja solicitei e aguardo reposta,nao nunca,,,0,1
edificacoes,1,15 a 18 anos,Jardim,entre 1 e 2 salarios minimos,"nao, mas estou procurando",nao,nao nunca,,,0,1
edificacoes,1,15 a 18 anos,Jardim,ate 1 salario minimo,"nao, mas estou procurando",ja solicitei e aguardo reposta,nao nunca,,,0,1
edificacoes,1,15 a 18 anos,Jardim,nao informado,nao,nao,nao nunca,,,0,1
edificacoes,1,15 a 18 anos,Jardim,ate 1 salario minimo,nao,nao,nao nunca,,,0,1
edificacoes,1,15 a 18 anos,Jardim,entre 1 e 2 salarios minimos,nao,nao,nao nunca,,,0,1
edificacoes,1,menos de 15 anos,Alto Caracol,ate 1 salario minimo,"nao, mas estou procurando",ja solicitei e aguardo reposta,nao nunca,,,0,1
edificacoes,1,menos de 15 anos,Jardim,nao informado,nao,nao,nao nunca,,,0,1
arquitetura,1,15 a 18 anos,Jardim,ate 1 salario minimo,"nao, mas estou procurando",ja solicitei e aguardo reposta,nao nunca,,,0,1
arquitetura,1,15 a 18 anos,Guia Lopes,entre 1 e 2 salarios minimos,nao,nao,nao nunca,,,0,1
arquitetura,1,mais de 40 anos,Jardim,entre 2 e 4 salarios minimos,"sim, em meio periodo",nao,nao nunca,,,0,1
informatica,3,15 a 18 anos,Jardim,ate 1 salario minimo,"sim, em meio periodo",nao,"sim, algumas vezes",recebi uma proposta de emprego,recebi uma proposta de emprego,1,1
informatica,3,15 a 18 anos,Guia Lopes,mais de 6 salarios minimos,"nao, mas estou procurando",nao,"sim, algumas vezes",problemas de saude,problemas de saude,1,0
informatica,3,15 a 18 anos,Jardim,entre 4 e 6 salarios minimos,"nao, mas estou procurando",nao,nao nunca,,,0,1
informatica,3,15 a 18 anos,Guia Lopes,entre 1 e 2 salarios minimos,nao,nao,"sim, varias vezes",dificuldade no aprendizado,Dificuldade de aprendizado,1,0
informatica,3,15 a 18 anos,Jardim,entre 4 e 6 salarios minimos,"nao, mas estou procurando",nao,nao nunca,,,0,1
informatica,3,15 a 18 anos,Guia Lopes,entre 1 e 2 salarios minimos,nao,nao,"sim, varias vezes",dificuldade no aprendizado,Dificuldade de aprendizado,1,0
informatica,3,15 a 18 anos,Jardim,entre 2 e 4 salarios minimos,nao,nao,nao nunca,,,0,1
informatica,3,15 a 18 anos,Jardim,ate 1 salario minimo,"nao, mas estou procurando",nao,"sim, algumas vezes",dificuldade no aprendizado,Dificuldade de aprendizado,1,1
informatica,3,15 a 18 anos,Jardim,entre 1 e 2 salarios minimos,nao,ja solicitei e aguardo reposta,"sim, algumas vezes",dificuldade no aprendizado,Dificuldade de aprendizado,1,1
arquitetura,5,19 a 24 anos,Jardim,entre 1 e 2 salarios minimos,"nao, mas estou procurando",sim,nao nunca,,,0,0
arquitetura,5,31 a 40 anos,Guia Lopes,entre 2 e 4 salarios minimos,nao,nao,"sim, varias vezes",problemas de relacionamento com os colegas,Problemas de relacionamento com colegas,1,2
arquitetura,1,15 a 18 anos,Jardim,ate 1 salario minimo,"sim, em meio periodo",nao,nao nunca,,,0,1
arquitetura,1,15 a 18 anos,Jardim,entre 4 e 6 salarios minimos,nao,nao,nao nunca,,,0,1
arquitetura,1,15 a 18 anos,Jardim,entre 4 e 6 salarios minimos,nao,ja solicitei e aguardo reposta,nao nunca,,,0,1
arquitetura,1,19 a 24 anos,Jardim,entre 1 e 2 salarios minimos,"nao, mas estou procurando",ja solicitei e aguardo reposta,nao nunca,,,0,1
arquitetura,1,19 a 24 anos,Jardim,entre 4 e 6 salarios minimos,nao,nao,nao nunca,,,0,1
arquitetura,1,19 a 24 anos,Jardim,ate 1 salario minimo,nao,nao,nao nunca,,,0,1
arquitetura,1,15 a 18 anos,Jardim,entre 2 e 4 salarios minimos,"nao, mas estou procurando",nao,nao nunca,,,0,1
arquitetura,1,15 a 18 anos,Jardim,ate 1 salario minimo,nao,ja solicitei e aguardo reposta,nao nunca,,,0,1
arquitetura,1,19 a 24 anos,Jardim,ate 1 salario minimo,"sim, em meio periodo",nao,nao nunca,,,0,1
informatica,3,15 a 18 anos,Jardim,entre 2 e 4 salarios minimos,"sim, em meio periodo",ja solicitei e aguardo reposta,nao nunca,,,0,1
informatica,3,15 a 18 anos,Nioaque,entre 2 e 4 salarios minimos,nao,nao,nao nunca,,,0,0
informatica,3,15 a 18 anos,Jardim,entre 4 e 6 salarios minimos,nao,nao,nao nunca,,,0,1
informatica,3,15 a 18 anos,Jardim,entre 1 e 2 salarios minimos,"sim, em meio periodo",ja solicitei e aguardo reposta,"sim, varias vezes",dificuldade de aprendizado,Dificuldade de aprendizado,1,1
informatica,3,15 a 18 anos,Nioaque,mais de 6 salarios minimos,"nao, mas estou procurando",nao,nao nunca,,,0,0
informatica,3,15 a 18 anos,Jardim,entre 2 e 4 salarios minimos,nao,nao,"sim, algumas vezes",dificuldade no aprendizado,Dificuldade de aprendizado,1,1
informatica,3,15 a 18 anos,Nioaque,entre 1 e 2 salarios minimos,"nao, mas estou procurando",nao,"sim, algumas vezes",dificuldades financeiras,Dificuldades financeiras,1,0
informatica,3,15 a 18 anos,Jardim,entre 2 e 4 salarios minimos,nao,nao,"sim, varias vezes",dificuldade no aprendizado,Dificuldade de aprendizado,1,1
informatica,3,15 a 18 anos,Nioaque,entre 4 e 6 salarios minimos,"nao, mas estou procurando",nao,"sim, algumas vezes",dificuldade no aprendizado,Dificuldade de aprendizado,1,0
informatica,3,15 a 18 anos,Jardim,nao informado,nao,nao,"sim, algumas vezes",dificuldade no aprendizado,Dificuldade de aprendizado,1,1
informatica,3,15 a 18 anos,Jardim,ate 1 salario minimo,"nao, mas estou procurando",ja solicitei e aguardo reposta,"sim, algumas vezes",problemas de saude,problemas de saude,1,1
informatica,3,15 a 18 anos,Jardim,entre 4 e 6 salarios minimos,"nao, mas estou procurando",nao,nao nunca,,,0,1
informatica,3,15 a 18 anos,Jardim,nao informado,nao,nao,nao nunca,,,0,1
informatica,3,15 a 18 anos,Jardim,nao informado,nao,ja solicitei e aguardo reposta,"sim, algumas vezes",dificuldade no aprendizado,Dificuldade de aprendizado,1,1
informatica,3,15 a 18 anos,Jardim,entre 1 e 2 salarios minimos,nao,ja solicitei e aguardo reposta,nao nunca,,,0,1
informatica,3,15 a 18 anos,Jardim,entre 2 e 4 salarios minimos,nao,sim,"sim, algumas vezes",problemas de relacioamento com os colegas,Problemas de relacionamento com colegas,1,0
informatica,3,15 a 18 anos,Guia Lopes,entre 2 e 4 salarios minimos,"sim, em meio periodo",ja solicitei e aguardo reposta,nao nunca,,,0,0
informatica,3,15 a 18 anos,Nioaque,entre 4 e 6 salarios minimos,"nao, mas estou procurando",nao,"sim, algumas vezes",,,1,0
informatica,3,15 a 18 anos,Jardim,entre 1 e 2 salarios minimos,"sim, em meio periodo",nao,nao nunca,,,0,1
informatica,3,15 a 18 anos,Guia Lopes,mais de 6 salarios minimos,nao,sim,"sim, algumas vezes",,,1,0
informatica,3,15 a 18 anos,Jardim,nao informado,"nao, mas estou procurando",nao,nao nunca,,,0,1
informatica,3,15 a 18 anos,Jardim,nao informado,nao,nao,nao nunca,,,0,1
informatica,3,15 a 18 anos,Jardim,entre 2 e 4 salarios minimos,"sim, em meio periodo",nao,nao nunca,,,0,1
edificacoes,3,15 a 18 anos,Jardim,nao informado,nao,nao,"sim, algumas vezes",dificuldade no aprendizado,Dificuldade de aprendizado,1,1
edificacoes,3,15 a 18 anos,Jardim,nao informado,"nao, mas estou procurando",ja solicitei e aguardo reposta,nao nunca,,,0,1
edificacoes,3,menos de 15 anos,Jardim,nao informado,nao,ja solicitei e aguardo reposta,nao nunca,,,0,1
edificacoes,3,15 a 18 anos,Jardim,entre 2 e 4 salarios minimos,nao,nao,nao nunca,,,0,1
edificacoes,3,15 a 18 anos,Jardim,entre 2 e 4 salarios minimos,nao,nao,nao nunca,,,0,1
edificacoes,3,15 a 18 anos,Jardim,entre 1 e 2 salarios minimos,nao,ja solicitei e aguardo reposta,nao nunca,,,0,1
edificacoes,3,15 a 18 anos,Jardim,ate 1 salario minimo,nao,ja solicitei e aguardo reposta,nao nunca,,,0,1
edificacoes,3,15 a 18 anos,Jardim,ate 1 salario minimo,"nao, mas estou procurando",ja solicitei e aguardo reposta,nao nunca,,,0,1
edificacoes,3,15 a 18 anos,Jardim,entre 4 e 6 salarios minimos,"nao, mas estou procurando",nao,"sim, varias vezes",dificuldade no aprendizado,Dificuldade de aprendizado,1,1
edificacoes,3,menos de 15 anos,Jardim,entre 2 e 4 salarios minimos,nao,nao,"sim, algumas vezes",problemas de saude,problemas de saude,1,1
edificacoes,3,menos de 15 anos,Jardim,entre 1 e 2 salarios minimos,"nao, mas estou procurando",nao,nao nunca,,,0,1
edificacoes,3,menos de 15 anos,Guia Lopes,nao informado,nao,sim,nao nunca,,,0,0
edificacoes,3,15 a 18 anos,Jardim,nao informado,"nao, mas estou procurando",nao,nao nunca,,,0,1
edificacoes,3,15 a 18 anos,Jardim,nao informado,"nao, mas estou procurando",nao,nao nunca,,,0,1
edificacoes,3,15 a 18 anos,Jardim,nao informado,nao,nao,nao nunca,,,0,1
edificacoes,3,menos de 15 anos,Jardim,nao informado,nao,nao,nao nunca,,,0,1
edificacoes,3,15 a 18 anos,Guia Lopes,ate 1 salario minimo,"nao, mas estou procurando",ja solicitei e aguardo reposta,"sim, algumas vezes",dificuldade no aprendizado,Dificuldade de aprendizado,1,1
edificacoes,3,15 a 18 anos,Guia Lopes,entre 2 e 4 salarios minimos,nao,nao,nao nunca,,,0,1
edificacoes,3,15 a 18 anos,Jardim,entre 1 e 2 salarios minimos,"sim, em meio periodo",nao,nao nunca,,,0,1
edificacoes,3,15 a 18 anos,Jardim,entre 1 e 2 salarios minimos,"sim, em meio periodo",ja solicitei e aguardo reposta,"sim, algumas vezes",problema de relacionamento com os colegas,Problemas de relacionamento com colegas,1,1
edificacoes,3,15 a 18 anos,Jardim,entre 1 e 2 salarios minimos,"sim, em meio periodo",nao,nao nunca,,,0,1
edificacoes,3,15 a 18 anos,Jardim,entre 2 e 4 salarios minimos,"nao, mas estou procurando",nao,nao nunca,,,0,1
edificacoes,3,15 a 18 anos,Jardim,entre 4 e 6 salarios minimos,"sim, em meio periodo",nao,nao nunca,,,0,1
edificacoes,3,15 a 18 anos,Jardim,entre 4 e 6 salarios minimos,nao,nao,nao nunca,,,0,1
edificacoes,3,15 a 18 anos,Jardim,entre 1 e 2 salarios minimos,nao,nao,nao nunca,,,0,1
edificacoes,3,15 a 18 anos,Jardim,ate 1 salario minimo,nao,sim,nao nunca,,,0,1
edificacoes,3,15 a 18 anos,Jardim,entre 2 e 4 salarios minimos,"sim, em meio periodo",sim,nao nunca,,,0,1
edificacoes,3,15 a 18 anos,Jardim,nao informado,nao,ja solicitei e aguardo reposta,"sim, algumas vezes",dificuldade no aprendizado,Dificuldade de aprendizado,1,1
edificacoes,3,menos de 15 anos,Jardim,entre 2 e 4 salarios minimos,nao,nao,"sim, algumas vezes",dificuldade no aprendizado,Dificuldade de aprendizado,1,1
edificacoes,3,menos de 15 anos,Jardim,entre 4 e 6 salarios minimos,nao,ja solicitei e aguardo reposta,nao nunca,,,0,1
edificacoes,3,menos de 15 anos,Jardim,entre 4 e 6 salarios minimos,"nao, mas estou procurando",nao,nao nunca,,,0,1
edificacoes,3,menos de 15 anos,Jardim,ate 1 salario minimo,"sim, em meio periodo",nao,"sim, algumas vezes",dificuldade de conciliar trabalho e estudos,Dificuldade em conciliar trabalho e estudos,1,1
edificacoes,3,15 a 18 anos,Jardim,entre 1 e 2 salarios minimos,nao,nao,nao nunca,,,0,1
edificacoes,3,menos de 15 anos,Jardim,ate 1 salario minimo,nao,nao,nao nunca,,,0,1
